{"cameraMode":{"drawMode":0,"name":"Shaded","section":"Shading Mode"},"sceneLighting":false,"audioPlay":false,"sceneViewState":{"showFog":true,"showMaterialUpdate":false,"showSkybox":false,"showFlares":true,"showImageEffects":true,"showParticleSystems":true},"in2DMode":false,"pivot":{"x":12.399999618530274,"y":4.829999923706055,"z":-3.033267021179199},"rotation":{"x":0.39806824922561648,"y":0.244750514626503,"z":-0.11098717898130417,"w":0.8771652579307556},"size":0.7071067690849304,"orthographic":false}