{"cameraMode":{"drawMode":0,"name":"Shaded","section":"Shading Mode"},"sceneLighting":true,"audioPlay":false,"sceneViewState":{"showFog":true,"showMaterialUpdate":false,"showSkybox":true,"showFlares":true,"showImageEffects":true,"showParticleSystems":true},"in2DMode":false,"pivot":{"x":-1.1053745746612549,"y":0.7183099389076233,"z":-5.483090877532959},"rotation":{"x":-0.14434532821178437,"y":0.15605729818344117,"z":-0.023065991699695588,"w":-0.9768905639648438},"size":3.4564833641052248,"orthographic":true}