{"cameraMode":{"drawMode":0,"name":"Shaded","section":"Shading Mode"},"sceneLighting":false,"audioPlay":false,"sceneViewState":{"showFog":true,"showMaterialUpdate":false,"showSkybox":false,"showFlares":true,"showImageEffects":true,"showParticleSystems":true},"in2DMode":false,"pivot":{"x":0.0,"y":1.2639999389648438,"z":0.03266000747680664},"rotation":{"x":0.18074652552604676,"y":-0.8111483454704285,"z":0.32498663663864138,"w":0.4515058398246765},"size":1.2384371757507325,"orthographic":false}